﻿pos_x,pos_y,rotation,side,designator,mpn,pack,value,mount_type,place
73.8369,-30.0,0.0,top,H1,,MountingHole_2.5mm_Pad,MountingHole,tht,True
135.8369,-30.0,0.0,top,H2,,MountingHole_2.5mm_Pad,MountingHole,tht,True
78.8369,-91.0,0.0,top,H3,,MountingHole_2.5mm_Pad,MountingHole,tht,True
130.8369,-91.0,0.0,top,H4,,MountingHole_2.5mm_Pad,MountingHole,tht,True
46.6798,-46.9939,0.0,top,H5,,MountingHole_2.5mm_Pad,MountingHole,tht,True
162.994,-46.9939,0.0,top,H6,,MountingHole_2.5mm_Pad,MountingHole,tht,True
128.27,-25.9149,-90.0,top,J1,,SolderWire-1.5sqmm_1x02_P7.8mm_D1.7mm_OD3.9mm,GND | Vcc,tht,True
106.8547,-23.2733,-90.0,top,J2,,TP4056-Module,I+ | I- | O+ | O- | B+ | B-,smt,True
107.8199,-83.8269,0.0,top,J3,,LED_D5.0mm-4_RGB,R | CC | G | B,tht,True
157.8369,-46.0,90.0,top,R1,,R_Axial_DIN0207_L6.3mm_D2.5mm_P10.16mm_Horizontal,300 Ohm,tht,True
109.22,-75.9529,0.0,top,R10,,R_Axial_DIN0207_L6.3mm_D2.5mm_P10.16mm_Horizontal,47 Ohm,tht,True
128.016,-62.7449,-90.0,top,R11,,R_Axial_DIN0207_L6.3mm_D2.5mm_P10.16mm_Horizontal,27k Ohm,tht,True
128.016,-76.2069,-90.0,top,R12,,R_Axial_DIN0207_L6.3mm_D2.5mm_P10.16mm_Horizontal,100k Ohm,tht,True
135.8369,-56.08,90.0,top,R2,,R_Axial_DIN0207_L6.3mm_D2.5mm_P10.16mm_Horizontal,300 Ohm,tht,True
54.8369,-39.16,90.0,top,R3,,R_Axial_DIN0207_L6.3mm_D2.5mm_P10.16mm_Horizontal,300 Ohm,tht,True
63.8369,-60.0,180.0,top,R4,,R_Axial_DIN0207_L6.3mm_D2.5mm_P10.16mm_Horizontal,300 Ohm,tht,True
39.8369,-55.08,90.0,top,R5,,R_Axial_DIN0207_L6.3mm_D2.5mm_P10.16mm_Horizontal,300 Ohm,tht,True
71.8369,-54.16,90.0,top,R6,,R_Axial_DIN0207_L6.3mm_D2.5mm_P10.16mm_Horizontal,300 Ohm,tht,True
122.936,-65.7929,-90.0,top,R7,,R_Axial_DIN0207_L6.3mm_D2.5mm_P10.16mm_Horizontal,300 Ohm,tht,True
108.966,-63.2529,0.0,top,R8,,R_Axial_DIN0207_L6.3mm_D2.5mm_P10.16mm_Horizontal,47 Ohm,tht,True
108.966,-69.6029,0.0,top,R9,,R_Axial_DIN0207_L6.3mm_D2.5mm_P10.16mm_Horizontal,47 Ohm,tht,True
163.5869,-35.75,0.0,top,SW1,,SW_PUSH_6mm,A Button,tht,True
142.5869,-46.75,0.0,top,SW2,,SW_PUSH_6mm,B Button,tht,True
43.5869,-29.75,0.0,top,SW3,,SW_PUSH_6mm,DPAD UP,tht,True
43.5869,-59.75,0.0,top,SW4,,SW_PUSH_6mm,DPAD DOWN,tht,True
27.3369,-45.0,0.0,top,SW5,,SW_PUSH_6mm,DPAD LEFT,tht,True
59.5869,-44.75,0.0,top,SW6,,SW_PUSH_6mm,DPAD RIGHT,tht,True
115.4919,-81.3229,0.0,top,SW7,,SW_PUSH_6mm,Opt Button,tht,True
104.7719,-86.065,180.0,top,U1,,ESP32-S3-DevKitC,ESP32,tht,True
