﻿designator,quantity,value,pack,mpn,mount_type
"H1, H2, H3, H4, H5, H6",6,MountingHole,MountingHole_2.5mm_Pad,,tht
J1,1,GND | Vcc,SolderWire-1.5sqmm_1x02_P7.8mm_D1.7mm_OD3.9mm,,tht
J2,1,I+ | I- | O+ | O- | B+ | B-,TP4056-Module,,smt
J3,1,R | CC | G | B,LED_D5.0mm-4_RGB,,tht
"R1, R2, R3, R4, R5, R6, R7",7,300 Ohm,R_Axial_DIN0207_L6.3mm_D2.5mm_P10.16mm_Horizontal,,tht
"R10, R8, R9",3,47 Ohm,R_Axial_DIN0207_L6.3mm_D2.5mm_P10.16mm_Horizontal,,tht
R11,1,27k Ohm,R_Axial_DIN0207_L6.3mm_D2.5mm_P10.16mm_Horizontal,,tht
R12,1,100k Ohm,R_Axial_DIN0207_L6.3mm_D2.5mm_P10.16mm_Horizontal,,tht
SW1,1,A Button,SW_PUSH_6mm,,tht
SW2,1,B Button,SW_PUSH_6mm,,tht
SW3,1,DPAD UP,SW_PUSH_6mm,,tht
SW4,1,DPAD DOWN,SW_PUSH_6mm,,tht
SW5,1,DPAD LEFT,SW_PUSH_6mm,,tht
SW6,1,DPAD RIGHT,SW_PUSH_6mm,,tht
SW7,1,Opt Button,SW_PUSH_6mm,,tht
U1,1,ESP32,ESP32-S3-DevKitC,,tht
