﻿designator,quantity,value,pack,mpn,mount_type
J4,1,R | CC | B | G,LED_D5.0mm-4_RGB,,tht
J5,1,I+ | I- | O+ | O- | B+ | B-,TP4056-Module,,smt
J6,1,GND | Vcc,SolderWire-2sqmm_1x02_P7.8mm_D2mm_OD3.9mm,,tht
J9,1,G | D+ | D- | V,PinHeader_1x04_P2.54mm_Vertical,,tht
"R1, R2, R3, R4, R5, R6, R7",7,300 Ohm,R_Axial_DIN0207_L6.3mm_D2.5mm_P10.16mm_Horizontal,,tht
"R10, R11, R9",3,230 Ohm,R_Axial_DIN0207_L6.3mm_D2.5mm_P10.16mm_Horizontal,,tht
R12,1,27k Ohm,R_Axial_DIN0207_L6.3mm_D2.5mm_P10.16mm_Horizontal,,tht
R13,1,100k Ohm,R_Axial_DIN0207_L6.3mm_D2.5mm_P10.16mm_Horizontal,,tht
SW1,1,A Button,SW_PUSH_6mm,,tht
SW2,1,B Button,SW_PUSH_6mm,,tht
SW3,1,DPAD UP,SW_PUSH_6mm,,tht
SW4,1,DPAD DOWN,SW_PUSH_6mm,,tht
SW5,1,DPAD LEFT,SW_PUSH_6mm,,tht
SW6,1,DPAD RIGHT,SW_PUSH_6mm,,tht
SW7,1,Opt Button,SW_PUSH_6mm,,tht
U1,1,ESP32,ESP32-S3-DevKitC,,tht
