﻿pos_x,pos_y,rotation,side,designator,mpn,pack,value,mount_type,place
119.38,-85.09,0.0,top,J4,,LED_D5.0mm-4_RGB,R | CC | B | G,tht,True
108.161,-50.923,0.0,top,J5,,TP4056-Module,I+ | I- | O+ | O- | B+ | B-,smt,True
132.08,-63.68,90.0,top,J6,,SolderWire-2sqmm_1x02_P7.8mm_D2mm_OD3.9mm,GND | Vcc,tht,True
95.26,-42.164,90.0,top,J9,,PinHeader_1x04_P2.54mm_Vertical,G | D+ | D- | V,tht,True
215.9,-68.58,90.0,top,R1,,R_Axial_DIN0207_L6.3mm_D2.5mm_P10.16mm_Horizontal,300 Ohm,tht,True
101.6,-92.71,0.0,top,R10,,R_Axial_DIN0207_L6.3mm_D2.5mm_P10.16mm_Horizontal,230 Ohm,tht,True
115.57,-92.71,0.0,top,R11,,R_Axial_DIN0207_L6.3mm_D2.5mm_P10.16mm_Horizontal,230 Ohm,tht,True
121.92,-54.61,180.0,top,R12,,R_Axial_DIN0207_L6.3mm_D2.5mm_P10.16mm_Horizontal,27k Ohm,tht,True
111.76,-62.23,0.0,top,R13,,R_Axial_DIN0207_L6.3mm_D2.5mm_P10.16mm_Horizontal,100k Ohm,tht,True
223.52,-68.58,90.0,top,R2,,R_Axial_DIN0207_L6.3mm_D2.5mm_P10.16mm_Horizontal,300 Ohm,tht,True
68.58,-59.69,0.0,top,R3,,R_Axial_DIN0207_L6.3mm_D2.5mm_P10.16mm_Horizontal,300 Ohm,tht,True
68.58,-67.31,0.0,top,R4,,R_Axial_DIN0207_L6.3mm_D2.5mm_P10.16mm_Horizontal,300 Ohm,tht,True
60.96,-81.28,90.0,top,R5,,R_Axial_DIN0207_L6.3mm_D2.5mm_P10.16mm_Horizontal,300 Ohm,tht,True
86.36,-81.28,90.0,top,R6,,R_Axial_DIN0207_L6.3mm_D2.5mm_P10.16mm_Horizontal,300 Ohm,tht,True
152.4,-99.06,180.0,top,R7,,R_Axial_DIN0207_L6.3mm_D2.5mm_P10.16mm_Horizontal,300 Ohm,tht,True
111.76,-78.74,-90.0,top,R9,,R_Axial_DIN0207_L6.3mm_D2.5mm_P10.16mm_Horizontal,230 Ohm,tht,True
217.73,-73.95,0.0,top,SW1,,SW_PUSH_6mm,A Button,tht,True
230.43,-61.25,0.0,top,SW2,,SW_PUSH_6mm,B Button,tht,True
70.41,-48.55,0.0,top,SW3,,SW_PUSH_6mm,DPAD UP,tht,True
70.41,-73.95,0.0,top,SW4,,SW_PUSH_6mm,DPAD DOWN,tht,True
57.71,-61.25,0.0,top,SW5,,SW_PUSH_6mm,DPAD LEFT,tht,True
83.11,-61.25,0.0,top,SW6,,SW_PUSH_6mm,DPAD RIGHT,tht,True
144.07,-105.7,0.0,top,SW7,,SW_PUSH_6mm,Opt Button,tht,True
190.4973,-69.85,-90.0,top,U1,,ESP32-S3-DevKitC,ESP32,tht,True
